year,公司家數(千家),營業稅年度總稅收(百萬元)
99,159.062,"145.014240"
100,158.016,"168.857452"
101,159.736,"184.578917"
102,161.690,"184.387823"
103,164.932,"195.967728"
104,168.733,"212.784444"
105,172.745,"214.238564"
106,175.591,"200.561425"
107,178.839,"192.838399"
